,title,link,create_time
0,某区真好！不管什么初中，只要校排靠前，都有自招机会,http://mp.weixin.qq.com/s?__biz=MzkwMDY2NzIxNQ==&mid=2247490506&idx=1&sn=7c23217721e366cd46bc57d5eb7571e5&chksm=c041d9eaf73650fc26d89b85c48c2e738627ecc68bc7130c0f2b9a9b93d7c0de2b440936187d#rd,2024-11-16 10:19:45
1,魔渊第一届初中数学素养测评——学生/家长/教师组,http://mp.weixin.qq.com/s?__biz=MzkwMDY2NzIxNQ==&mid=2247490499&idx=1&sn=08bfe6b2aa457a7e9fbf22f57e1fde22&chksm=c041d9e3f73650f5da07b7afedca2a804fbdd0508b1da4fbbf0bda378a830dd66e68a719ca44#rd,2024-11-15 16:53:42
2,0号君：你最近有点飘了啊！,http://mp.weixin.qq.com/s?__biz=MzkwMDY2NzIxNQ==&mid=2247490484&idx=1&sn=14d2e25eca3159cef508701eb7ddcd3c&chksm=c041d994f73650820ce83fd87a537bf5ad2cb48587e420a1e68f4d004b0d0c66daf9b01e79b4#rd,2024-11-14 12:01:09
3,与你既定认识可能不同，该怎样扎实地超前学习初中数学？,http://mp.weixin.qq.com/s?__biz=MzkwMDY2NzIxNQ==&mid=2247490475&idx=1&sn=2dc45c4b52869dd9faed0d7b3238afa7&chksm=c041d98bf736509ddf54b46c77c4a69b2b723f354b22d14e4b61f953b58ebade5e75e9dd850f#rd,2024-11-13 14:44:03
4,照搬数学物理的学习方法，往往很难学好化学,http://mp.weixin.qq.com/s?__biz=MzkwMDY2NzIxNQ==&mid=2247490460&idx=1&sn=bc52df9d3da74124384041ece46ebe8a&chksm=c041d9bcf73650aa62c0e3022186bef628361faf65b8f2ea2ebf0f285445a93c5c8115599854#rd,2024-11-12 09:29:09
5,昨天，我又拉黑了两位家长,http://mp.weixin.qq.com/s?__biz=MzkwMDY2NzIxNQ==&mid=2247490459&idx=1&sn=7552f2735a0b344e4c1b27b33b5716fa&chksm=c041d9bbf73650add8ed8953e02f8b4289462e28a2f98b7061f78265066a03018735649e9a19#rd,2024-11-11 09:00:26
6,网传一姐LS在组织大规模神秘考，难度究竟如何？,http://mp.weixin.qq.com/s?__biz=MzkwMDY2NzIxNQ==&mid=2247490450&idx=1&sn=512daed719d3be5e8b4480726d3001b2&chksm=c041d9b2f73650a4f799db80885c4faad599f31d8112177d447a33440aa2b4d8883f79331b86#rd,2024-11-10 10:46:11
7,纪实——没有系统学习小奥是否意味着从此与自招无缘,http://mp.weixin.qq.com/s?__biz=MzkwMDY2NzIxNQ==&mid=2247490408&idx=1&sn=cc5df27bd90e5e1b40b3e163231b9d1f&chksm=c041d948f736505efa951a9a77b255fd16cc992e75212159afd1c354854cc8f0e8bdf2bf9317#rd,2024-11-09 09:02:49
8,深夜，我们家长群里有位家长无法入睡,http://mp.weixin.qq.com/s?__biz=MzkwMDY2NzIxNQ==&mid=2247490403&idx=1&sn=667df6113e9a7bf6678d2253bc371267&chksm=c041d943f73650552e46deba19dec466ec0c3c7a74579373f744cd41b697201f9a49d1f7e06f#rd,2024-11-08 11:30:48
9,有效学业规划的前提是明确考察方向与内容（数学篇）,http://mp.weixin.qq.com/s?__biz=MzkwMDY2NzIxNQ==&mid=2247490396&idx=1&sn=0e0e861be7fbb139c1d0d89c428a5cba&chksm=c041d97cf736506a934754c7c770152fb1a4703a1974e9718ffa4cd3c358ce4d687d907c9619#rd,2024-11-07 15:58:58
10,若以高考为导向，初中4年可以变3年,http://mp.weixin.qq.com/s?__biz=MzkwMDY2NzIxNQ==&mid=2247490393&idx=1&sn=ec957345baa15baf13ede9b7594888e0&chksm=c041d979f736506fe39ab1fdfba928369361d146090dce463871e501a865efef265e32998714#rd,2024-11-06 13:38:38
11,不要让清北复交成为你人生的巅峰&合伙人招募,http://mp.weixin.qq.com/s?__biz=MzkwMDY2NzIxNQ==&mid=2247490380&idx=1&sn=a4354a32678c81e46381c6a754fac0a0&chksm=c041d96cf736507a056befd853f18ce5eeb19e5b4f892f8112b37fca138f6a2dea715c35eb09#rd,2024-11-05 11:26:24
12,“学习要知其所以然”未必就是真理——鸡自己娃的启示,http://mp.weixin.qq.com/s?__biz=MzkwMDY2NzIxNQ==&mid=2247490376&idx=1&sn=9638e434c1643bb253f8496b9df008b3&chksm=c041d968f736507e536dcd164422005f145e64770df0d039d75f3a32d9e78fb0e02c21986c63#rd,2024-11-04 14:01:43
13,已被某四校签约的2025级自招生源现在在干什么,http://mp.weixin.qq.com/s?__biz=MzkwMDY2NzIxNQ==&mid=2247490365&idx=1&sn=8e083d44090f56451086b5303173bccf&chksm=c041d91df736500b12843721e458ea200f86dcc14239c7e314696acecdbfcc9205affd91147b#rd,2024-11-03 11:50:05
14,眼看一姐兰生黯然失色，却惊现...,http://mp.weixin.qq.com/s?__biz=MzkwMDY2NzIxNQ==&mid=2247490347&idx=1&sn=907d20b884edc94f9b5db3a62b10f36f&chksm=c041d90bf736501da05d5121f7484702732ea40b1e75230b0dae6ff7580b2fca21385aa86b47#rd,2024-11-02 13:29:53
15,我初二刚学物理时就翻车了,http://mp.weixin.qq.com/s?__biz=MzkwMDY2NzIxNQ==&mid=2247490319&idx=1&sn=34dcbbd5b14392f8cac9ea3a394fe8c2&chksm=c041d92ff7365039dfb4b1a4d2c4b2540b268cd884556c675e0538e9a7f844a9981197921fec#rd,2024-11-01 14:58:41
16,数竞和物竞可能不是你的菜，不过，你有新的选择了,http://mp.weixin.qq.com/s?__biz=MzkwMDY2NzIxNQ==&mid=2247490310&idx=1&sn=50bce2b25cfa049fe54456b9f906f7fa&chksm=c041d926f73650309ff41acb33d252991baea3316e434da046c9fa14efb4ecca9f4523e7e9ac#rd,2024-10-31 11:49:55
17,普娃是需要这样的老师吗？It's up to you,http://mp.weixin.qq.com/s?__biz=MzkwMDY2NzIxNQ==&mid=2247490283&idx=1&sn=606819a24afc9321d395ce580b8e8a50&chksm=c041d8cbf73651ddba83c10529f3dbe081785b3ce0607c75f9cd92973b2e882ed3c54c8764ac#rd,2024-10-30 09:47:14
18,上海中学自招题带来的思考&附一份自招学业规划图,http://mp.weixin.qq.com/s?__biz=MzkwMDY2NzIxNQ==&mid=2247490281&idx=1&sn=7eb8063d60555a1e40d862b0ced38dfa&chksm=c041d8c9f73651dfa8121aa4a2f9a7fd5f8e87a2f8f578919722d3588df36f996d09c507efe7#rd,2024-10-29 12:58:11
19,我想踏踏实实地走中高考统考路线，谁也不羡慕,http://mp.weixin.qq.com/s?__biz=MzkwMDY2NzIxNQ==&mid=2247490252&idx=1&sn=532d422ac028a834146b02ca48a1f14b&chksm=c041d8ecf73651fa8dace4a538e1ab6dbbc5a7409e3ba367ff8b2355f0a06c4ba022b18f91c2#rd,2024-10-28 10:57:57
20,化竞生若考不上北大可以考虑清华&2024年北大金秋营试题解析,http://mp.weixin.qq.com/s?__biz=MzkwMDY2NzIxNQ==&mid=2247490247&idx=1&sn=9ea623450516f74515b70691695a6f1e&chksm=c041d8e7f73651f1e6f401a93444f71e0f3134e73c92b3871315f6451259fe97f1a4b2918012#rd,2024-10-27 11:06:59
21,小奥主流教辅百花争艳，你“娶”谁回家？,http://mp.weixin.qq.com/s?__biz=MzkwMDY2NzIxNQ==&mid=2247490240&idx=1&sn=0a952d1f12a1a647dbab6cc556e05111&chksm=c041d8e0f73651f6558a8445a8c2eb61d51440afd98194f6131153996500478ddb51db499e8a#rd,2024-10-26 10:58:39
22,免中考的诱惑很大，但它可能是一条弯路,http://mp.weixin.qq.com/s?__biz=MzkwMDY2NzIxNQ==&mid=2247490169&idx=1&sn=3d040b0603f4a477f13bec55b9a1088a&chksm=c041d859f736514f709175e207c85e16092dc711f3b7b005a550ff9db01a1b473d1d23336339#rd,2024-10-25 10:50:53
23,复旦数学营上岸家长不同视角的分享&生源初中学校完整版统计,http://mp.weixin.qq.com/s?__biz=MzkwMDY2NzIxNQ==&mid=2247490135&idx=1&sn=3ec06c100bfc900083e83ae6abfdb87a&chksm=c041d877f73651619a75dc86bd27be219f1415b6dd37922b2bcd8d577d6453fc20f0fced68e1#rd,2024-10-24 11:01:32
24,第一届复旦数学营上岸四校后的反馈——来自复附家长,http://mp.weixin.qq.com/s?__biz=MzkwMDY2NzIxNQ==&mid=2247490090&idx=1&sn=c40c5506fc19990db68a3ef375576ec1&chksm=c041d80af736511ca3f816ef07b746e7365c2da6b04128dcaf239ad2db66fe6e8d7c5baf34e7#rd,2024-10-23 12:09:02
25,有一种学生常常被夸赞聪明，但却很难出成绩,http://mp.weixin.qq.com/s?__biz=MzkwMDY2NzIxNQ==&mid=2247490079&idx=1&sn=457200ef3536d3319d1ca360d5d0a5f2&chksm=c041d83ff7365129d6f62f73b3ed66eaa3432b7df9362d11511199dab9b154e062b7bd06e4dd#rd,2024-10-22 15:54:55
26,物竞是否需要学习初中物理竞赛&你是否适合物竞——北大物院哥哥偷偷告诉,http://mp.weixin.qq.com/s?__biz=MzkwMDY2NzIxNQ==&mid=2247490061&idx=1&sn=aab5a5d5f73222205fda8c5c47e43b8a&chksm=c041d82df736513b8029889c8186d9cde4e4c118452b5ca3809c6cc65bbf3830186676550d10#rd,2024-10-21 16:33:51
27,几本经典的自招&竞赛数学教辅，有多少学生正确使用了？,http://mp.weixin.qq.com/s?__biz=MzkwMDY2NzIxNQ==&mid=2247490050&idx=1&sn=538fe88748033d72e19e78aca6ee16f2&chksm=c041d822f7365134ab8f6ff2d5b1f7825c85265f740d3b817a18513f91987dfc4587a4269e0e#rd,2024-10-20 11:09:57
28,我不是渣男！魔渊核心家长群欢迎你,http://mp.weixin.qq.com/s?__biz=MzkwMDY2NzIxNQ==&mid=2247490007&idx=1&sn=4d8a8caaf46a3a9d02fb79059602f8fb&chksm=c041dbf7f73652e1cb6973410ca12f74acccad45434359cf81d415b9ac9d11206818556a38ff#rd,2024-10-18 11:42:44
29,不走竞赛和自招，不学小奥是否阻碍你成为优等生,http://mp.weixin.qq.com/s?__biz=MzkwMDY2NzIxNQ==&mid=2247489989&idx=1&sn=e1a8d1cc083d11257229346286ba49e6&chksm=c041dbe5f73652f3e4db09548d9ddbb74b6e9c77bceb8d42bc9531164b949c297af29f0f2ef8#rd,2024-10-17 10:44:03
30,普娃不努力是假象，他们却最煎熬,http://mp.weixin.qq.com/s?__biz=MzkwMDY2NzIxNQ==&mid=2247489981&idx=1&sn=993ca836961224fd77dc5cbeb1179a2d&chksm=c041db9df736528b4dcc4f7896c9dacdb28ca0c096382f28ba73a833c14f4788cd7df6207add#rd,2024-10-16 10:22:13
31,现在想来，都是老师满满的套路啊！,http://mp.weixin.qq.com/s?__biz=MzkwMDY2NzIxNQ==&mid=2247489979&idx=1&sn=5594d3fd6817a178ee2856e81e9ddc72&chksm=c041db9bf736528d5df0558ad8a3bf9859bec0110ef17d7e3eedca208746e2be2bb8ed19386c#rd,2024-10-15 12:25:20
32,华8的家长冒充普娃，令人发指！,http://mp.weixin.qq.com/s?__biz=MzkwMDY2NzIxNQ==&mid=2247489965&idx=1&sn=813c0fbae5604a8cc3bc1386ddde84e5&chksm=c041db8df736529b2c0a04bcfa50f88974337a5ab8da8c6a3871aa8806b78e42e03b6b35a85f#rd,2024-10-14 10:54:14
33,丘班考什么？难不难？2025级丘班选拔试题、解析及备考建议,http://mp.weixin.qq.com/s?__biz=MzkwMDY2NzIxNQ==&mid=2247489934&idx=1&sn=cfd0d28b7eb27c36240066403e671abd&chksm=c041dbaef73652b871e6aa6105b0f2a147cae11a4f7a9b2d591106616982238f017350b0a4a1#rd,2024-10-12 15:13:51
34,邓乐言没有获得2024年高联上海市第一所以呢,http://mp.weixin.qq.com/s?__biz=MzkwMDY2NzIxNQ==&mid=2247489905&idx=1&sn=942a6233e75b168ed9bc2f032f583d5a&chksm=c041db51f73652473fc37f1daa100b8805c90030aa6cff9283e9878e3a112e7eacbca6cd9425#rd,2024-10-11 12:14:19
35,我眼中有天赋的学生&错误的教育方法可能阻碍了我入集,http://mp.weixin.qq.com/s?__biz=MzkwMDY2NzIxNQ==&mid=2247489894&idx=1&sn=5b7bf84b8125b04de8739aa02545fe0a&chksm=c041db46f73652506f901bb75b924e4048c1316ee6cd9ec9f7b95540333ad6362b50240a7eac#rd,2024-10-10 17:51:34
36,各类神秘考及非公开性考题，丢过来，魔渊JT小组致力研究与分析,http://mp.weixin.qq.com/s?__biz=MzkwMDY2NzIxNQ==&mid=2247489870&idx=1&sn=3e069b40e7bc1226c77eaff80a9cd407&chksm=c041db6ef736527806cc5af34dd8f32f59f08ec19036a9c7341fe7f53ff85058ec0c69d07f5e#rd,2024-10-08 11:11:18
37,“我带着同学们背课本”似乎抵消了中考数学越来越难,http://mp.weixin.qq.com/s?__biz=MzkwMDY2NzIxNQ==&mid=2247489850&idx=1&sn=943764a1eec7f1a1ed6c760eda9d2a0a&chksm=c041db1af736520c62ae6b0ac2d91d1b0ea91c07f286aa66ce2548a365c0d6e37f72088212b1#rd,2024-10-07 12:07:03
38,普通鸡娃到高端鸡娃，总要经历的一次觉醒,http://mp.weixin.qq.com/s?__biz=MzkwMDY2NzIxNQ==&mid=2247489842&idx=1&sn=d45e74ea606c164072dec89bd532b68d&chksm=c041db12f7365204a4590f729a1387122fd19eaa8dce8b1f68b7e084be387626ee0f74ed300b#rd,2024-10-06 11:29:48
39,据某校老师透露，上海市教委明确AMC奖项在择校中可加5分,http://mp.weixin.qq.com/s?__biz=MzkwMDY2NzIxNQ==&mid=2247489828&idx=1&sn=386a9748215566e39b61aa6b96f627af&chksm=c041db04f73652125445143aeb979447f9fddb132e736c3ef1a443c2eed7d01b590bc86f341c#rd,2024-10-05 12:44:29
40,刚刚的“思维100”你参加了吗？有人说很简单，真该去考一考,http://mp.weixin.qq.com/s?__biz=MzkwMDY2NzIxNQ==&mid=2247489808&idx=1&sn=e242540d3732854ec0acb254c64dbe26&chksm=c041db30f73652264cd3d1caa3b88ef9c0112c195db56bdf3b8c1fb220edba5159da2c6d9878#rd,2024-10-04 05:26:51
41,在上海居然有这么多途径可以去清北！清北摆渡人带你走,http://mp.weixin.qq.com/s?__biz=MzkwMDY2NzIxNQ==&mid=2247489792&idx=1&sn=c99536415053bd162e2233eff716a8c5&chksm=c041db20f736523637a8263abe8faaf4378fd184f9a9179bccce75f0af463af91ef3489645d5#rd,2024-10-03 11:36:24
42,教过的都是成绩优秀的学生，我的女儿算是让我长见识了,http://mp.weixin.qq.com/s?__biz=MzkwMDY2NzIxNQ==&mid=2247489768&idx=1&sn=90c145b0ad1a01ccbf73705972c68eef&chksm=c041dac8f73653de89b3e9b5aae037e57af1c010b52d0e164f1a33ca21165dfc7b372b6ba2e5#rd,2024-10-02 12:10:33
43,对面的数学优等生看过来，高联一试能否降维打击高考数学？,http://mp.weixin.qq.com/s?__biz=MzkwMDY2NzIxNQ==&mid=2247489728&idx=1&sn=ab188ac72a86d3aa8d2c2fbf2160b55f&chksm=c041dae0f73653f6ad396a47932df849602970cb52f3d4773fadb0185e7e5f1b946777e52256#rd,2024-10-01 11:41:38
44,躺在前任的怀里，但我坚决要求与各位妈妈们一起将TA抚养成人,http://mp.weixin.qq.com/s?__biz=MzkwMDY2NzIxNQ==&mid=2247489718&idx=1&sn=90a2b4f3a619cd10d6d00048cb095baf&chksm=c041da96f7365380c3675185b1834a1ee53af8398f23ac2fed5d6a20716789e0e5fe1848f3d3#rd,2024-09-30 11:38:22
45,听说昨天华二丘班有选拔活动？顺便聊聊小升初奥数的衔接问题,http://mp.weixin.qq.com/s?__biz=MzkwMDY2NzIxNQ==&mid=2247489712&idx=1&sn=7e2f4ab0d15aa98232b8c99ec383b8d4&chksm=c041da90f73653864b7f7e7ade8ec408feb5b59afadf098b7fead3448b7f6a451ae5277c4749#rd,2024-09-29 11:35:43
46,原来他们都是这样攀登巅峰的！物竞从入门到IPHO教辅用书推荐,http://mp.weixin.qq.com/s?__biz=MzkwMDY2NzIxNQ==&mid=2247489703&idx=1&sn=00dc4724724d59d57bd75260eed2c849&chksm=c041da87f7365391751c98e51ddc0b003ad2548ef1b1d6f3d17886cb937510addbdfcf7ea985#rd,2024-09-28 11:53:49
47,我要曝光我女儿的两位数学老师，低老师被换成了高老师,http://mp.weixin.qq.com/s?__biz=MzkwMDY2NzIxNQ==&mid=2247489695&idx=1&sn=6c06fee3010fd14ae0ff7705530fd014&chksm=c041dabff73653a92a806f1f478c0057494abddce45c13d35cade7d50ddc517fd9c9c7f2b002#rd,2024-09-27 15:20:47
48,就我个人教学经历谈谈“空间与数学学习困难门诊”的火爆,http://mp.weixin.qq.com/s?__biz=MzkwMDY2NzIxNQ==&mid=2247489671&idx=1&sn=166f61bab95d55829f5b0318b2870c84&chksm=c041daa7f73653b19d8a522611b2b3a5a387410bbdb71f8686077178e482b6126574744b0c65#rd,2024-09-26 12:15:12
49,要不要加入魔渊数字军团呢？高薪招募中小学教师,http://mp.weixin.qq.com/s?__biz=MzkwMDY2NzIxNQ==&mid=2247489671&idx=2&sn=abfc4de6069273b4f9f8304a48715a7e&chksm=c041daa7f73653b17aa5ab024e3e84eb9ba80dd840e2335fbeec96b60bbaa82ad0d28cea90cb#rd,2024-09-26 12:15:12
50,提前学习初中理化耽误了很多时间,http://mp.weixin.qq.com/s?__biz=MzkwMDY2NzIxNQ==&mid=2247489593&idx=1&sn=3f4af3867a2dbc19c81960de3bdf7f41&chksm=c041da19f736530f9a56ae7807b6c4af2c560067e73fdc4ede0ea0b606366fd4ea15d89fb4ea#rd,2024-09-25 11:53:27
51,自招四校八大，你需要提前学习的一些高中内容,http://mp.weixin.qq.com/s?__biz=MzkwMDY2NzIxNQ==&mid=2247489326&idx=1&sn=706a527818390c0b3a8dc91962219acf&chksm=c041d50ef7365c189e36f56e91e81ae16fd34dc4e8b0b3257c92e1a71a8e5334c20f348b7990#rd,2024-09-24 12:07:07
52,数学不开窍，可某二梯队学校老师说“她往后学只会越来越好”,http://mp.weixin.qq.com/s?__biz=MzkwMDY2NzIxNQ==&mid=2247489303&idx=1&sn=335f781e2b107c68492b7b096e133d67&chksm=c041d537f7365c21652ba0b34759ca4f129d1e8729f2ab764f36894382e46965ac70af3a200c#rd,2024-09-23 11:15:52
53,星辰闪耀计划·学业规划免费咨询服务,http://mp.weixin.qq.com/s?__biz=MzkwMDY2NzIxNQ==&mid=2247489287&idx=1&sn=83cd5115147ba3c2fb37c9bfc59f80a1&chksm=c041d527f7365c31e51931defc6dff34895606154f8f45edeea43a44f42d45772704737084f2#rd,2024-09-22 13:08:48
54,我带了一个浅奥班，同学们如愿进了二线初中及上实、上外,http://mp.weixin.qq.com/s?__biz=MzkwMDY2NzIxNQ==&mid=2247489271&idx=1&sn=7c6ac718d47122fa9fab110550945ef5&chksm=c041d4d7f7365dc1549a4c4ad08dc96e21060edb3690ffee16a1350e7fc14e7312f65990845b#rd,2024-09-21 11:25:58
55,原集训队成员、现首席教练员对化学竞赛的学业规划建议&教辅用书全面推荐,http://mp.weixin.qq.com/s?__biz=MzkwMDY2NzIxNQ==&mid=2247489260&idx=1&sn=c433d69c97aab8a3f11bfc2af637fd71&chksm=c041d4ccf7365dda7fdaf641f35012629ef37a2158aa452deb1a659a014e01ca49966b3c8019#rd,2024-09-20 17:28:33
,title,link,create_time
0,应对中考的普娃要不要超前学？麻烦给个具体的路线,http://mp.weixin.qq.com/s?__biz=MzkwMDY2NzIxNQ==&mid=2247489236&idx=1&sn=5928915e6afa16ae3cad8d555e9488be&chksm=c041d4f4f7365de2afecd29375a661afefc73879dac0731a957c346d174a6e22b74369e15d01#rd,2024-09-19 10:42:27
1,假若你认为中考自招是捷径，肯定要走弯路,http://mp.weixin.qq.com/s?__biz=MzkwMDY2NzIxNQ==&mid=2247489228&idx=1&sn=7a1ba446fe2d33d77b46be043abeca3b&chksm=c041d4ecf7365dfab98f82df9351afe4a22de64918b87b586b9c3a5d1a83ca527f05a91d1fc4#rd,2024-09-18 10:01:50
2,文科的终点是预初、理科的终点是初二,http://mp.weixin.qq.com/s?__biz=MzkwMDY2NzIxNQ==&mid=2247489220&idx=1&sn=c131b2138083a40473a25ebb0509964e&chksm=c041d4e4f7365df2101745c65da0aa1085ddbf6a2ea75482c50d32396ea4eb0140cbdc018910#rd,2024-09-17 11:00:56
3,清北兵临城下，复旦剑已出鞘，交大流星赶月,http://mp.weixin.qq.com/s?__biz=MzkwMDY2NzIxNQ==&mid=2247489207&idx=1&sn=4c4a606f12115ea231710adec2fb41b1&chksm=c041d497f7365d811e9483e80ed501a93de4d973f55dc99c929657410b227137accb8087ccb6#rd,2024-09-16 09:35:57
4,交附&上外附中！中国化学奥林匹克竞赛（初赛）上海省一名单新鲜出炉,http://mp.weixin.qq.com/s?__biz=MzkwMDY2NzIxNQ==&mid=2247489199&idx=1&sn=8f39d8a688e1c2e37dbb8a1bc6d2cd1a&chksm=c041d48ff7365d99cfafdb3f8b275bba15c3c050b675690e3d458403587de5c18bc91f2c02d5#rd,2024-09-15 03:04:45
5,你居然来挑衅我，那我曝光你,http://mp.weixin.qq.com/s?__biz=MzkwMDY2NzIxNQ==&mid=2247489178&idx=1&sn=7a6a5fe760a2ba8fdcb8a78fbfe40832&chksm=c041d4baf7365dacb58f18e278cdc7fb4255bbf90c474addb8c553aec5402dd28a51def41764#rd,2024-09-14 15:54:52
6,作为物竞教练，我会因为这篇文章被同行抵制吗？,http://mp.weixin.qq.com/s?__biz=MzkwMDY2NzIxNQ==&mid=2247489150&idx=1&sn=2d1ed67d41e471ef70023741d026b03b&chksm=c041d45ef7365d48dc7f95176635f51a82c20b2aefd26b8f302986e0998f79ebe78b5b1fd168#rd,2024-09-13 18:43:12
7,记录学习数学突然开窍的一些例子，命运的齿轮开始转动,http://mp.weixin.qq.com/s?__biz=MzkwMDY2NzIxNQ==&mid=2247489143&idx=1&sn=b747b6cfa7a12bf2a140743070ca726e&chksm=c041d457f7365d41fb1c530c96b2adec8ee9c204a99119ad6e74292c832273c453f1043541bd#rd,2024-09-12 11:01:17
8,某高中立志在化竞上突破，并有意免去学生中考的后顾之忧,http://mp.weixin.qq.com/s?__biz=MzkwMDY2NzIxNQ==&mid=2247489130&idx=1&sn=ecd081a5e9ca7c3c106a6b3caec007bf&chksm=c041d44af7365d5c023bbff426d6f62f10e700fd88008a04fca2a18fc2d7d406af5496ef4500#rd,2024-09-11 10:46:12
9,我想说服自己孩子天赋不在数学上并非他的原罪,http://mp.weixin.qq.com/s?__biz=MzkwMDY2NzIxNQ==&mid=2247489107&idx=1&sn=d174da2128a98e665f787af459152f73&chksm=c041d473f7365d65f45949cd61f5d82c16ba0efa0891debae9af0a54e625c2c98c772a073674#rd,2024-09-10 11:45:31
10,这件事太酷了，他们真的是一群很帅的人,http://mp.weixin.qq.com/s?__biz=MzkwMDY2NzIxNQ==&mid=2247489102&idx=1&sn=71109a660b0c39b6d87472a73a1991d9&chksm=c041d46ef7365d78e84fda73ea3718c3c757620c2e142cc874d2b825d11c826cc2b9583ae702#rd,2024-09-09 16:59:50
11,马上教师节了，要不要给老师送礼讨好一下,http://mp.weixin.qq.com/s?__biz=MzkwMDY2NzIxNQ==&mid=2247489091&idx=1&sn=567525df863ac822538e0561121208c3&chksm=c041d463f7365d75768fa1cbe0c644bc38586d56970c6deee22ac991d8b26a75def9eaba1f3f#rd,2024-09-08 11:04:28
12,本科100位女生周围只有58位男生，男孩危机or女孩危机？,http://mp.weixin.qq.com/s?__biz=MzkwMDY2NzIxNQ==&mid=2247489083&idx=1&sn=82123a73684dc5eb9fa5c367d0e3fe53&chksm=c041d41bf7365d0d34d7f6ce9df1cc0e13f59511235f613cf479fc0d7af5530ca1f1d9941f0a#rd,2024-09-07 10:11:54
13,有位同学考上了张集的竞赛班&老师要求做IMO的真题？,http://mp.weixin.qq.com/s?__biz=MzkwMDY2NzIxNQ==&mid=2247489078&idx=1&sn=9ec72f44714f8c2b606fe4e79af8a42e&chksm=c041d416f7365d0073de2be3dc219d83a9876d5f7509f292bf965b1c70ad21834914ed059bf5#rd,2024-09-06 12:53:04
14,我给闺女讲了一道奥数题，发现她确实遗传了我的天赋,http://mp.weixin.qq.com/s?__biz=MzkwMDY2NzIxNQ==&mid=2247489027&idx=1&sn=76ddb8d2f121cdb4bdd213a29b0d2ee7&chksm=c041d423f7365d35660035b0c27709575e37e2272eb841124df2d4e70c5b1c2e9178282a7bc9#rd,2024-09-05 11:07:53
15,金字塔尖上竞赛生的困境&表达能力才是数学的最后一道大题,http://mp.weixin.qq.com/s?__biz=MzkwMDY2NzIxNQ==&mid=2247488967&idx=1&sn=35f2c7f521752c4ef80057225cf66757&chksm=c041d7e7f7365ef14d30ad307773799eb792d7690ac9ebf866d6ab3dc5d3d6fae989de9ae349#rd,2024-09-04 09:48:45
16,我有两个女儿，既然不喜欢北大，那明年就去清华,http://mp.weixin.qq.com/s?__biz=MzkwMDY2NzIxNQ==&mid=2247488959&idx=1&sn=10d44c8972ed36649ae2eda610c2c661&chksm=c041d79ff7365e899c6675b3a85980159a9ccf2ad967ba439b43750d88e0edf1d47eac461689#rd,2024-09-03 09:53:06
17,拎上这款包包，孩子学习成绩提升指日可待,http://mp.weixin.qq.com/s?__biz=MzkwMDY2NzIxNQ==&mid=2247488938&idx=1&sn=0e92092f9eec549664e9bf7b0b744037&chksm=c041d78af7365e9c290e7f86c6e7dcd320e554bcb9ee4b95188fcb455d43327ed614cab67821#rd,2024-09-02 11:48:06
18,四校八大&华育兰生在职老师的补课班，你去还是不去,http://mp.weixin.qq.com/s?__biz=MzkwMDY2NzIxNQ==&mid=2247488920&idx=1&sn=df250bb49c101a397fcda99156d2a6bd&chksm=c041d7b8f7365eae8e308615441db46cb557a3342e646d2984f298101292462fbcdd021829fb#rd,2024-09-01 12:18:38
19,这个班18人，应该算是魔都最顶尖的一批数学牛娃了,http://mp.weixin.qq.com/s?__biz=MzkwMDY2NzIxNQ==&mid=2247488905&idx=1&sn=358a6ae3e072fbd86d5d2cbdf6dda7da&chksm=c041d7a9f7365ebf324dee92c1bf564486fc8125ec199b98f2bee810d00de827f65a6c337820#rd,2024-08-31 11:54:40
20,小奥学习，越是合理的慢越是竟想不到的快,http://mp.weixin.qq.com/s?__biz=MzkwMDY2NzIxNQ==&mid=2247488890&idx=1&sn=5554558b04cdc009c32a3f53928a1aaf&chksm=c041d75af7365e4cfd598541c1b049d7903af9544b9a7318925b01c0c1e4a498451756869dfc#rd,2024-08-30 12:18:15
21,某校前几天对新六年级同学做了一次摸底测试,http://mp.weixin.qq.com/s?__biz=MzkwMDY2NzIxNQ==&mid=2247488837&idx=1&sn=25826296489210e668d3747143641f85&chksm=c041d765f7365e730872cd1736818d2a1f4cafdf8c31f110dff4d0ab3db71deee443e5540e65#rd,2024-08-29 13:01:21
22,考985院校又不一定要死磕数理化，不妨放过自己,http://mp.weixin.qq.com/s?__biz=MzkwMDY2NzIxNQ==&mid=2247488794&idx=1&sn=1bbdfd3528eee864b0312578865e1a88&chksm=c041d73af7365e2cf5f75d15d5853e404f945f8e748d8b2d0ad782afdc76888025705b3f284d#rd,2024-08-28 10:58:51
23,又一知名教培机构爆风险，你若不在坑里便是晴天,http://mp.weixin.qq.com/s?__biz=MzkwMDY2NzIxNQ==&mid=2247488783&idx=1&sn=eba34a9c33d4e2bf8a365da7d52a9c84&chksm=c041d72ff7365e399aee6329ebf2df848e71739c28e248857ee231b593febf497b871f845874#rd,2024-08-27 10:34:29
24,普通初中的学生，手把手教你争取自招神秘考机会,http://mp.weixin.qq.com/s?__biz=MzkwMDY2NzIxNQ==&mid=2247488755&idx=1&sn=4a79a93edf8e2d1dafab4d2b68b9b5b0&chksm=c041d6d3f7365fc5d8a014cec8b95bb6be20b4e5db6b0eb4f4d49fff89a21b0c4ad436e734b7#rd,2024-08-25 11:54:17
25,24年中考数学卷的灵活性，对拓展学习的同学明显更有利,http://mp.weixin.qq.com/s?__biz=MzkwMDY2NzIxNQ==&mid=2247488726&idx=1&sn=30d4266b5ba0e3b2e8987eff2842bd30&chksm=c041d6f6f7365fe0b2cbbaaf73889dd237215091777c317006151db43bed6ec1f931497a1788#rd,2024-08-23 16:03:47
26,长宁区中考名额到区，有些高中被错估,http://mp.weixin.qq.com/s?__biz=MzkwMDY2NzIxNQ==&mid=2247488694&idx=1&sn=b4a3546372e0dc420069bcf008e2ad59&chksm=c041d696f7365f80fd3506c4090c390db01934568944a4c5610547ae9058adefdd9b241e9cac#rd,2024-08-22 12:40:59
27,鸡血式学习再无用武之地——复旦&四校数学营的启示,http://mp.weixin.qq.com/s?__biz=MzkwMDY2NzIxNQ==&mid=2247488685&idx=1&sn=5aacda57047221ca20620ceb111c3fa6&chksm=c041d68df7365f9bd496451d95a41ae717084a39204925dedb33b28cf5b3c527a9d5cb96fd5e#rd,2024-08-21 11:26:39
28,欢送7号苏老师！&高薪诚聘数理化竞赛教练,http://mp.weixin.qq.com/s?__biz=MzkwMDY2NzIxNQ==&mid=2247488673&idx=1&sn=df89ebd1e2287d3b0b19823d32ad922c&chksm=c041d681f7365f97b374aca5f3f8cc9466d27d05e1178edbcf985abecce10193b70a1d4529b9#rd,2024-08-20 13:00:48
29,仅仅看高考成绩却不看中考进口成绩，一定是不公的,http://mp.weixin.qq.com/s?__biz=MzkwMDY2NzIxNQ==&mid=2247488656&idx=1&sn=57971b7584907119ec22246be1a82020&chksm=c041d6b0f7365fa6e2963617b3c0e2549af168f7eb041449b37c15cd977bc850435e51039201#rd,2024-08-19 12:18:46
30,新教材骂声一片，你若信，除了焦虑便一无所获,http://mp.weixin.qq.com/s?__biz=MzkwMDY2NzIxNQ==&mid=2247488639&idx=1&sn=64558ce9adb04d8aadc2ce2e2fe803ce&chksm=c041d65ff7365f490df33d5e097ac47ea87e5bb1faeb3225d1865759663edfe9f2d96eacee3f#rd,2024-08-18 14:32:19
31,起风了·上海100强高中魔渊指数排名2024版,http://mp.weixin.qq.com/s?__biz=MzkwMDY2NzIxNQ==&mid=2247488613&idx=1&sn=52101c3d1afd7782cd75968b9a102550&chksm=c041d645f7365f533686e19fb700c20b409e58db6c9cbe0d8672cc0291d0716313d3d49616c0#rd,2024-08-17 11:27:17
32,粗心总是难以自拔，与什么有关,http://mp.weixin.qq.com/s?__biz=MzkwMDY2NzIxNQ==&mid=2247488580&idx=1&sn=74747a2abd17a7014e26ab5b63ff77fa&chksm=c041d664f7365f721487aeeb00336e154564915c0e29bc5b8a58ef36ca973360fe028095d60c#rd,2024-08-16 13:25:55
33,出人意料却也普遍——英语的重要性在自招中被大大低估,http://mp.weixin.qq.com/s?__biz=MzkwMDY2NzIxNQ==&mid=2247488513&idx=1&sn=7a2f5cfde25371601c76b89dc5e2e96c&chksm=c041d621f7365f370f7c05fb146bb7332698bde4160c02ab336a159c79d9abf579b68adc6117#rd,2024-08-15 12:43:22
34,市北理危在旦夕 & 市西中学得加油——静安区就指望你们了,http://mp.weixin.qq.com/s?__biz=MzkwMDY2NzIxNQ==&mid=2247488505&idx=1&sn=79ae7d362e73a141463657e022fb0449&chksm=c041d1d9f73658cf751d913338ac17448ff45ade8ec7af8c0b349921c1665ceb5a0054b71972#rd,2024-08-14 15:47:21
35,上海16区教育差异，跟中国16省差异一样大,http://mp.weixin.qq.com/s?__biz=MzkwMDY2NzIxNQ==&mid=2247488430&idx=1&sn=3c7088776f39945f6cd0a31f84c1961e&chksm=c041d18ef736589828f6581ef05fb4f90efc8fbb9bbbc26f68e22fccbea8d02daa7aadcd6acc#rd,2024-08-13 11:37:39
36,学术不精的老师，就不要耽误学生了,http://mp.weixin.qq.com/s?__biz=MzkwMDY2NzIxNQ==&mid=2247487581&idx=1&sn=eded5e854f33719f6778ef7c6dfdfc9e&chksm=c041d27df7365b6b0dc19373bf63db75a63c5997b6f1e42e1db05d08cbae2e4b0db252737a6f#rd,2024-08-12 12:53:43
37,静安/普陀/嘉定区中考名额到区，有些高中被错估,http://mp.weixin.qq.com/s?__biz=MzkwMDY2NzIxNQ==&mid=2247487538&idx=1&sn=a9d3da337faf8d33e475266c62be263c&chksm=c041d212f7365b04fd6ff25213b4e46f9af1d5ce5c29acc8a09a2c102781302ff9286fcc78bb#rd,2024-08-11 13:11:31
38,有一个清华爸爸，所以我是差生,http://mp.weixin.qq.com/s?__biz=MzkwMDY2NzIxNQ==&mid=2247487523&idx=1&sn=ee08a21f8c76fa8e35d8165d1083643e&chksm=c041d203f7365b15360724555e1715aa07f28b3c8b00afb33de5f6f5e3d16e4b7a8dc82cc209#rd,2024-08-10 11:21:21
39,惊鸿一瞥的兰生中考成绩单及背后,http://mp.weixin.qq.com/s?__biz=MzkwMDY2NzIxNQ==&mid=2247487500&idx=1&sn=a8427d7c3e128edf24818d411cce9624&chksm=c041d22cf7365b3acd1343b650b90cd13afc366c31cd787585248146fbc8a1b883e4e65e0668#rd,2024-08-09 12:13:13
40,苏老师，我想自招四校，但不想走竞赛路线,http://mp.weixin.qq.com/s?__biz=MzkwMDY2NzIxNQ==&mid=2247487450&idx=1&sn=430bc2097f914177ce22a58af6c68183&chksm=c041cdfaf73644ec2d3ac3fd0711b7b04ada680655a3df9681e0b7ac781886c3e91efdaf229f#rd,2024-08-08 09:28:40
41,华育后30%同学中考去哪儿了？再来一弹！,http://mp.weixin.qq.com/s?__biz=MzkwMDY2NzIxNQ==&mid=2247487432&idx=1&sn=f717bd2dd9f0fbeb58355e7e30c63a4f&chksm=c041cde8f73644fe253507f8bc74f4d6e9d3961868ec0a13c5577311a4e2e6e527bd9ffc009c#rd,2024-08-07 13:43:29
42,全方位揭晓 八所浦东一线公办初中2024年中考成绩单,http://mp.weixin.qq.com/s?__biz=MzkwMDY2NzIxNQ==&mid=2247487405&idx=1&sn=8a88da1c7c5b39c5ae5cae327d438fdf&chksm=c041cd8df736449bfbd6230e217a2e9fe53cbcc795502ac9858c0efb6c02bb98a32154de0976#rd,2024-08-06 17:29:30
43,华育后30%同学中考去哪儿了,http://mp.weixin.qq.com/s?__biz=MzkwMDY2NzIxNQ==&mid=2247487376&idx=1&sn=ba42bdba579794f53426b124d29dc055&chksm=c041cdb0f73644a6e18a922f25a72330c4525265944031b3501d31fcd2322b43c9e092b94a2f#rd,2024-08-05 15:02:04
44,拼了命进名校还是恰到好处进普校,http://mp.weixin.qq.com/s?__biz=MzkwMDY2NzIxNQ==&mid=2247487300&idx=1&sn=c6824128df3900d7e8db686fe57d0ec9&chksm=c041cd64f7364472521aec2bbd3b640a03c3239cfbaba925f39196293829c4dc960214140c9a#rd,2024-08-02 13:17:42
45,黄浦区近三年中考名额到区，哪些学校被高估或低估了？,http://mp.weixin.qq.com/s?__biz=MzkwMDY2NzIxNQ==&mid=2247487295&idx=1&sn=65175d9f26f11b05ea044ea38e18c121&chksm=c041cd1ff7364409bbd3eabaace6bdfb919f03c35250e99a4415843c7dcbfbb2ddb27f523484#rd,2024-08-01 13:15:39
46,孩子是不是学霸，先看看自己的婚姻关系,http://mp.weixin.qq.com/s?__biz=MzkwMDY2NzIxNQ==&mid=2247487279&idx=1&sn=297cb88635f7c2ac7338169695496bb5&chksm=c041cd0ff7364419143fd1b6dd90a7ecbbcd44d65a02853bbb28ef53991fb5100b200505247f#rd,2024-07-31 12:04:27
47,小升初选拔性择校，劝你别做太多指望,http://mp.weixin.qq.com/s?__biz=MzkwMDY2NzIxNQ==&mid=2247487273&idx=1&sn=44e4f885617ca245d62849010be045af&chksm=c041cd09f736441ffb4e3baebb42f5288927dd1e4f5deba961301897727da61513f4d8faea34#rd,2024-07-30 10:14:17
48,中考体育满分30分，还有18.5分的！,http://mp.weixin.qq.com/s?__biz=MzkwMDY2NzIxNQ==&mid=2247487265&idx=1&sn=32dc1e043684b56db1bcac7d75a3e8d4&chksm=c041cd01f7364417bda10251242a6ddefcb21c63da7f1b370b6402cf193391926dd27ff75fff#rd,2024-07-29 11:49:57
49,大盘要通透——上海小升初的前世与今生,http://mp.weixin.qq.com/s?__biz=MzkwMDY2NzIxNQ==&mid=2247487232&idx=1&sn=697121292b6536577c30017107353b8a&chksm=c041cd20f73644366b9ca309bcea93d7b0c4076306eef9252d16e6b1a6acb8cdf0ff0f42eab0#rd,2024-07-28 12:28:43
,title,link,create_time
0,鲜红的中考喜报，一大群人的欢喜，一小群人的哭泣,http://mp.weixin.qq.com/s?__biz=MzkwMDY2NzIxNQ==&mid=2247487226&idx=1&sn=b161516b53c31504607a336d574e342d&chksm=c041ccdaf73645cce4bd61f59dd192793ded281ee21bfd2810bab14b46c99076000d5c2908f7#rd,2024-07-27 11:35:03
1,在菜中，照样可以去四校,http://mp.weixin.qq.com/s?__biz=MzkwMDY2NzIxNQ==&mid=2247487220&idx=1&sn=6d4f9d09fd51c346e6580b5622794378&chksm=c041ccd4f73645c216530d6d62cb96fc003a859f3a91a622e955a881a12171f0edd090aee2c2#rd,2024-07-26 11:54:40
2,听信专家们的冲一冲和保一保志愿填报策略而错失更好学校,http://mp.weixin.qq.com/s?__biz=MzkwMDY2NzIxNQ==&mid=2247487212&idx=1&sn=a36b146810b751c789908f513696dc1c&chksm=c041ccccf73645dadcd9390cc23927e50c3b52968cfff1a38cc3d695f9b0356ce9b7263d7a02#rd,2024-07-25 12:31:07
3,小学生的目标若不是清北复交，家长真的是很失职！,http://mp.weixin.qq.com/s?__biz=MzkwMDY2NzIxNQ==&mid=2247487173&idx=1&sn=8ca853274ca6d99f180d24dad4add7e6&chksm=c041cce5f73645f34669dd58b53a02e1b0f06f9d5294d58e9e48e68e7c9a2850361f9821e8f3#rd,2024-07-24 11:53:46
4,初中读了一半，想备考中考自招来得及吗？,http://mp.weixin.qq.com/s?__biz=MzkwMDY2NzIxNQ==&mid=2247487158&idx=1&sn=31834b807bce387319ae313615943f40&chksm=c041cc96f7364580a3ffe16aeded62d7c5d3e916fd5bc4381b024791d4128ae2424085994358#rd,2024-07-23 14:31:16
5,都说上海中考数学很简单，140分+究竟有多少人？,http://mp.weixin.qq.com/s?__biz=MzkwMDY2NzIxNQ==&mid=2247487149&idx=1&sn=b1dd2b8642945f4d0cd15cd4957d9a2a&chksm=c041cc8df736459b5a5b1c14887b40f7f7f99bac800e781b6e2209635027ea415355bfb1f5da#rd,2024-07-22 16:09:51
6,今年中考，很多不够聪明的孩子成绩却莫名其妙的好！,http://mp.weixin.qq.com/s?__biz=MzkwMDY2NzIxNQ==&mid=2247487135&idx=1&sn=ec48cac35d0da5d022c01671a7a0f204&chksm=c041ccbff73645a9b3eb2a238bec7e8877f3ce90398b4390c5540281c7a988b03a217895a9b0#rd,2024-07-21 20:25:58
7,快速提升学生的学习自驱力，可以下点猛药,http://mp.weixin.qq.com/s?__biz=MzkwMDY2NzIxNQ==&mid=2247487115&idx=1&sn=82729e8c64bf7463a5686fa7f3269266&chksm=c041ccabf73645bdeab20a7c0aa08bd0f62d570dbf73c912f486c168a145647c8283a40155e7#rd,2024-07-20 11:55:53
8,至少30%家长因不了解中考政策，拖了孩子的后腿,http://mp.weixin.qq.com/s?__biz=MzkwMDY2NzIxNQ==&mid=2247487104&idx=1&sn=774127ad3734a2f7be7cc98f022b841c&chksm=c041cca0f73645b685e41f107aa0b9533b54449d27edaac4691397e40e4672313deffaa36553#rd,2024-07-19 12:11:36
9,统统上岸！2024各区重点中学平行志愿分数线汇总表,http://mp.weixin.qq.com/s?__biz=MzkwMDY2NzIxNQ==&mid=2247487080&idx=1&sn=8dc1c94cf62e9146ee88cb0eeb761153&chksm=c041cc48f736455e5177610d7da4d7b4bfa607452d1d82b903d6cf3f4d615554bbff12724290#rd,2024-07-18 11:14:24
10,上海中考自招的部分规则有望改变,http://mp.weixin.qq.com/s?__biz=MzkwMDY2NzIxNQ==&mid=2247487064&idx=1&sn=b288aba193e9855b22631c3920ee07f1&chksm=c041cc78f736456e666922cddcf9c8e660442807583d922f8739b220c4a67aac1799b2e12691#rd,2024-07-17 15:27:27
11,夜深人静，一位中考失利生家长给我发来一段话,http://mp.weixin.qq.com/s?__biz=MzkwMDY2NzIxNQ==&mid=2247487049&idx=1&sn=1bf33177642e738e34237b878d6b86c0&chksm=c041cc69f736457f15f3cd50e79e6b81b546312f253e6f62c4c11587e723e1d10dcf82311c6c#rd,2024-07-16 11:53:16
12,高分都去哪儿了！2024上海中考名额分配到区汇总表,http://mp.weixin.qq.com/s?__biz=MzkwMDY2NzIxNQ==&mid=2247487035&idx=1&sn=2908fecb17295073bb3f58cdf8ce5651&chksm=c041cc1bf736450d967df79cd3080e3ca2891c12550b5b166d378e4c33c22330a91507df1e15#rd,2024-07-15 15:34:47
13,家长领悟了，上大资质的孩子，可以去北大,http://mp.weixin.qq.com/s?__biz=MzkwMDY2NzIxNQ==&mid=2247487008&idx=1&sn=7ee0baae2881376b9ac76c427e1dc16e&chksm=c041cc00f7364516cb8e338ea118d2c66506c7373e469184ba1a09e9ac0de9a4529933abcab2#rd,2024-07-14 12:59:20
14,上实学子北大毕业又战高考！错付的7年时光，谁之过？,http://mp.weixin.qq.com/s?__biz=MzkwMDY2NzIxNQ==&mid=2247486976&idx=1&sn=fadc3fc2e6bbdf26b7e3573d843858fd&chksm=c041cc20f73645364df2d3efadd885bc3b0dd76df40536362168c2438dff012d572da9686e64#rd,2024-07-12 11:20:29
15,普通初中的孩子中考就不该考高分,http://mp.weixin.qq.com/s?__biz=MzkwMDY2NzIxNQ==&mid=2247486965&idx=1&sn=f1786312459131920c7c5d82df3b0f9c&chksm=c041cfd5f73646c3d7c99a55f48c440b475ebb42d8d8f35e127e763b7d446ca4bcf725f2433b#rd,2024-07-11 13:01:36
16,中考自招新态势！校方单方面毁约？&选拔呈现拉锯战,http://mp.weixin.qq.com/s?__biz=MzkwMDY2NzIxNQ==&mid=2247486940&idx=1&sn=026447922dfb50b0f5667835b9f043b0&chksm=c041cffcf73646eaaa1a15bee51495af0773475c33496a37d115516c000ad3d2f325d6cc69b6#rd,2024-07-10 18:01:37
17,面朝清北复交，北大爸爸开始了自鸡之路,http://mp.weixin.qq.com/s?__biz=MzkwMDY2NzIxNQ==&mid=2247486880&idx=1&sn=580cbfb90468b454c85606c538810a80&chksm=c041cf80f73646960e453e0dabfeb9fd74918eecda1bfeda0e922f012da7655b26f7f2a80361#rd,2024-07-09 01:41:04
18,全网首发· 上海小升初摇一代2024中考自招数据大汇总,http://mp.weixin.qq.com/s?__biz=MzkwMDY2NzIxNQ==&mid=2247486876&idx=1&sn=75b8d34e1920a9f7e446f730d03becb9&chksm=c041cfbcf73646aac25d3112cc740f1d2b402d1abe3d6d60f296c3c70d93d9c686b10af9feec#rd,2024-07-08 13:39:07
19,有多少孩子被迫与学校一起维护谎言,http://mp.weixin.qq.com/s?__biz=MzkwMDY2NzIxNQ==&mid=2247486847&idx=1&sn=2557f8b2a5cf9b25cff3dc9b5f75431e&chksm=c041cf5ff7364649bf252c9aaae46f1965c319d9d27f9ad3f90cb23de0a2adb325346eed0ade#rd,2024-07-07 11:57:42
20,中考自招生在高考中优势究竟有多大？是骡子是马拉出来遛遛,http://mp.weixin.qq.com/s?__biz=MzkwMDY2NzIxNQ==&mid=2247486826&idx=1&sn=4d6ff869aeb33cba32300892e70243a1&chksm=c041cf4af736465ce58d323dfda7cd229cf8c7e15b48a059f19fcdfd3d249c2cb553b5304735#rd,2024-07-06 11:06:46
21,华二系四大民办初中摇一代自招四校及分校数据,http://mp.weixin.qq.com/s?__biz=MzkwMDY2NzIxNQ==&mid=2247486826&idx=2&sn=98a9f66988de40b3f6ecb64b316d2320&chksm=c041cf4af736465ce823702bac77114206a6fb85ae3852b9805ba7aa03c4004b53e9a68e0f99#rd,2024-07-06 11:06:46
22,闵行区五大优质民办初中自招四校及七宝数据,http://mp.weixin.qq.com/s?__biz=MzkwMDY2NzIxNQ==&mid=2247486826&idx=3&sn=92d0b4effbf1c9ac4315633802dd120b&chksm=c041cf4af736465cb6a259f842bfcfbce265eddd063c268d9d646eba06b687acf43417fe28ec#rd,2024-07-06 11:06:46
23,今年有几个普通初中的学生中考自招上岸了？,http://mp.weixin.qq.com/s?__biz=MzkwMDY2NzIxNQ==&mid=2247486788&idx=1&sn=cd13381bd6adb66527637cb55a1efc92&chksm=c041cf64f7364672bf41f21a84ef1c97abc7bbb97736b7c8f8978d64d107c752637c83d8cda9#rd,2024-07-05 09:10:36
24,纯摇号生源的出路&嘉华二2024年中考自招数据才是合理的！,http://mp.weixin.qq.com/s?__biz=MzkwMDY2NzIxNQ==&mid=2247486749&idx=1&sn=c1604b8e2d1bb373d57f218e54e8b584&chksm=c041cf3df736462b118d48ce5a3196c3ba77cedcd8624e3eff018fc98f2c7e1eb7779d7a7a6c#rd,2024-07-04 11:30:45
25,十问十答 | 复旦系又新增一员大将&复旦附属复兴中学,http://mp.weixin.qq.com/s?__biz=MzkwMDY2NzIxNQ==&mid=2247486626&idx=1&sn=7378c5c1ded85b9593fee27ebd722b73&chksm=c041ce82f7364794c67de99a559ea42d6a05b48dd74668adba9e2ee8543f4622d2992324ef73#rd,2024-07-02 02:13:09
26,史上最强！小学生清北学业规划之路,http://mp.weixin.qq.com/s?__biz=MzkwMDY2NzIxNQ==&mid=2247486597&idx=1&sn=e92c0a798366935f5e5b5c1fdc5e4b6a&chksm=c041cea5f73647b3faac3bcf37d8c4029fe23f9b21b53e5109d675a8d4f8bb63947ea72621ff#rd,2024-07-01 11:26:50
27,至少50%+的清北复交学子都是靠家长,http://mp.weixin.qq.com/s?__biz=MzkwMDY2NzIxNQ==&mid=2247486476&idx=1&sn=d9a40dbaa8f34fb39698f50a7c417150&chksm=c041ce2cf736473a382fbf671bb2b8b38415f12ec627e143c551353f134beb2414eea4d4512e#rd,2024-06-30 11:53:55
28,关于小升初，这样几件事我很困惑,http://mp.weixin.qq.com/s?__biz=MzkwMDY2NzIxNQ==&mid=2247486471&idx=1&sn=17f53e11247aab49d5d9cb1ef7b64b80&chksm=c041ce27f73647310336ac59f99405dec53732db02d964f7ba552404ca905c6f39b2f92b6362#rd,2024-06-29 12:33:27
29,2024四校自招数学真题&阅卷老师说同学们考分并不高,http://mp.weixin.qq.com/s?__biz=MzkwMDY2NzIxNQ==&mid=2247486466&idx=1&sn=2e004787a1f151acb5e42a131e3ffb53&chksm=c041ce22f7364734adca07d9a20d664413338efd0e89bac473f78de3a032c124939ba93d07b4#rd,2024-06-28 18:23:37
30,哪些高中英语教辅值得推荐？拔尖的初中生也都在用！,http://mp.weixin.qq.com/s?__biz=MzkwMDY2NzIxNQ==&mid=2247486432&idx=1&sn=c26465ff18e6c806e4f7736684026a6e&chksm=c041c9c0f73640d6cc5c0edc1d3ebf84d506efa47759351141df8e9a13e2dea5b9b4a59707d3#rd,2024-06-27 08:02:16
31,这两天中考自招综合测试，这些话还来得及告诉你吗？,http://mp.weixin.qq.com/s?__biz=MzkwMDY2NzIxNQ==&mid=2247486394&idx=1&sn=e0584c056e7ab8dddd7ae3e6e90e7c70&chksm=c041c99af736408cdfd19180528a3f2bf938a60e27d24bff8ea7a5474f5fd477eef1ca3ef0fc#rd,2024-06-26 03:59:55
32,什么样的学生适合中考自招？初中普娃家长的《避坑指南》,http://mp.weixin.qq.com/s?__biz=MzkwMDY2NzIxNQ==&mid=2247486389&idx=1&sn=ccc98b62a41f6075e0eb0fb127131a03&chksm=c041c995f7364083ab890df6eba36c69d569075dcc9a57fb3397abad18dfb31d39dc59f75bb2#rd,2024-06-25 11:27:18
33,2024上海高考619分+的学生都来自哪些高中？& 清北零志愿,http://mp.weixin.qq.com/s?__biz=MzkwMDY2NzIxNQ==&mid=2247486347&idx=1&sn=1a70693601e70f541e86d3b1821e7556&chksm=c041c9abf73640bd7a6abe3771c476664217af9d07943602a98879b0aaf14d5d2ab968da2b97#rd,2024-06-24 00:11:25
34,2024上海高考最高分花落谁家！上中or华二？634分？,http://mp.weixin.qq.com/s?__biz=MzkwMDY2NzIxNQ==&mid=2247486341&idx=1&sn=da83f6bb67a865d67d73da38056df7e1&chksm=c041c9a5f73640b3ff083c8dd25ee2f5a92f05bd90b9b047df06e410de5ce61bbcc307f801e4#rd,2024-06-23 15:54:15
35,“错题订正”这件事做好了，成绩会明显提升,http://mp.weixin.qq.com/s?__biz=MzkwMDY2NzIxNQ==&mid=2247486285&idx=1&sn=aee4e7f7e6cc15042df21d7fbe62ba18&chksm=c041c96df736407b0f4df6cf27bc681f133f145f862ea9fdfc7964295d2c1392291e318067df#rd,2024-06-22 14:49:57
36,部分学校高一英文月考卷，难度直接对标大学六级！,http://mp.weixin.qq.com/s?__biz=MzkwMDY2NzIxNQ==&mid=2247486269&idx=1&sn=b24ae98c493e5a0495cdb4775dcb2ce1&chksm=c041c91df736400bebc6f193183c5d3f779662c875fb95db941a56e10212e3a1bffe682fa49a#rd,2024-06-20 12:09:45
37,“姜萍事件”唯一可能的收场方式,http://mp.weixin.qq.com/s?__biz=MzkwMDY2NzIxNQ==&mid=2247486262&idx=1&sn=2dc7ce869aa00d0e4f8275d2b865429c&chksm=c041c916f73640005d57647f223c7f07492cdfc11b07b9eaa5ed4eb47d5d230b25c9dcd58ca3#rd,2024-06-19 13:05:59
38,中考考得不好，高中可以逆袭不？&初高数学衔接及教辅用书推荐,http://mp.weixin.qq.com/s?__biz=MzkwMDY2NzIxNQ==&mid=2247486254&idx=1&sn=a5c603f0d1c8b56d1b8cb0248c1e834f&chksm=c041c90ef736401809cf89397e21c567fad95670d011e0825abd391c6b227ca3fd845bc7e6ed#rd,2024-06-18 16:45:02
39,2024上海中考数学压轴题若干种解法&顺便教你怎样破题,http://mp.weixin.qq.com/s?__biz=MzkwMDY2NzIxNQ==&mid=2247486243&idx=1&sn=e0e308644b6752a8bd38452f97b2aa50&chksm=c041c903f7364015d29216448f170c9fe4a1fa78e23f767355b90d50aa3ca3bb2f8bcf0a3d6a#rd,2024-06-17 05:13:16
40,浦外的数学，教的是一江水，考的是一片海！,http://mp.weixin.qq.com/s?__biz=MzkwMDY2NzIxNQ==&mid=2247486221&idx=1&sn=10332a64e8ad87c3e4e5f5480c1d20c9&chksm=c041c92df736403b84f3d895fcedbd5f03eec837119e9f6b6a072950ad062f7c1d838e016170#rd,2024-06-15 11:31:28
41,有一定天赋学生，小升初怎样备考丘班、华8、市北理等一线理科班？,http://mp.weixin.qq.com/s?__biz=MzkwMDY2NzIxNQ==&mid=2247486211&idx=1&sn=8312565fea1653ea176a299cd7e7df8d&chksm=c041c923f7364035a75ef78b0074e70a72d781b739d3520217354623c8702a22f6d20d969bb6#rd,2024-06-14 12:15:00
42,“控江中学理科班”你想报考？但你了解多少！,http://mp.weixin.qq.com/s?__biz=MzkwMDY2NzIxNQ==&mid=2247486197&idx=1&sn=4a64ed89f4d83eebee89d0ee5e6ea132&chksm=c041c8d5f73641c36b5df06a0726f3f9a463c22cd80b4348d5c2db34ed898bcd6057b4925d82#rd,2024-06-13 12:23:49
43,丰盛奖金等你拿！2024上海中考作文押题大奖赛,http://mp.weixin.qq.com/s?__biz=MzkwMDY2NzIxNQ==&mid=2247486186&idx=1&sn=7cb5e20a8b52a8d53ca5207482994c27&chksm=c041c8caf73641dce67ffadf58cbb48a2e7e9a1e2044f9011024fc18d3e117abc55e1804d3fb#rd,2024-06-12 11:53:58
44,坏了！我姐要让我给贝贝规划一条竞赛之路,http://mp.weixin.qq.com/s?__biz=MzkwMDY2NzIxNQ==&mid=2247486167&idx=1&sn=371b41215c34847c23a498e53b590903&chksm=c041c8f7f73641e1e3ef3735f62df334f69bc569c1041f3364b0bc7d7476794dc435beccc8b1#rd,2024-06-11 15:27:00
45,教育自媒体相左观点众多，想成为学霸家长，先做侦探柯南！,http://mp.weixin.qq.com/s?__biz=MzkwMDY2NzIxNQ==&mid=2247486142&idx=1&sn=1018a40254e7a7617beed624fbe59309&chksm=c041c89ef7364188e5448ce4eafc0455bb7c684f24b5af186e1cff4fe60602091f189e9467a7#rd,2024-06-10 12:57:55
46,高端班里的同学们都去哪儿了,http://mp.weixin.qq.com/s?__biz=MzkwMDY2NzIxNQ==&mid=2247486133&idx=1&sn=1f93bc47b55363e4643a0d4203c93a84&chksm=c041c895f736418320df7144f222481e3b5440796d9786f9d6c8cdc7b39331fd7ed9d94c42d4#rd,2024-06-09 11:58:00
47,抓到了好苗子，你把TA练废了，怪谁？,http://mp.weixin.qq.com/s?__biz=MzkwMDY2NzIxNQ==&mid=2247486111&idx=1&sn=6fa421384babb5c801cb99a4a9b8413e&chksm=c041c8bff73641a9ca0c289344ce89fd540d7b8a855ee3e33741a18dff61a85eb10cd454a28b#rd,2024-06-08 12:09:52
48,我反对“基础题丢分就得多练习”！,http://mp.weixin.qq.com/s?__biz=MzkwMDY2NzIxNQ==&mid=2247486102&idx=1&sn=24836dcd3af6c06e40413a471e61c12b&chksm=c041c8b6f73641a00798e6c98f9c8737e91e4d4a924a7ae72af13cea105fdd93f1221564ee89#rd,2024-06-06 19:08:20
49,从校长的面相来选择四校！——Seven Su研究院,http://mp.weixin.qq.com/s?__biz=MzkwMDY2NzIxNQ==&mid=2247486094&idx=1&sn=9e72f2d9f9439ed7c28ce2525128e48f&chksm=c041c8aef73641b841a4ff93daba487c83586dc752aa2b78402a9b2d594e37c445cca213083a#rd,2024-06-05 13:58:58
50,长此以往，魔都只有四校，再无八大！,http://mp.weixin.qq.com/s?__biz=MzkwMDY2NzIxNQ==&mid=2247486068&idx=1&sn=693d99e0b7299ea8fb425bb9a88ccec3&chksm=c041c854f73641427ee696d9dd1d53bffe6039c80207b4e8d92c171d426dc32a130157199a71#rd,2024-06-04 11:48:12
51,偷偷给八大校长的一点建议,http://mp.weixin.qq.com/s?__biz=MzkwMDY2NzIxNQ==&mid=2247486042&idx=1&sn=844bba20f2c9d7c68bdcd54948992bf2&chksm=c041c87af736416c8a5952c548f80a2165599dcadeb16cc08d06e94faf6c3623e2ab266965bd#rd,2024-06-03 12:37:05
,title,link,create_time
0,建平理科班已签约，要不要再博一下四校？,http://mp.weixin.qq.com/s?__biz=MzkwMDY2NzIxNQ==&mid=2247486006&idx=1&sn=910b014efdb09f467f350258e0122cd1&chksm=c041c816f7364100af0f8342b9b43624ad29ea8830d4f3d1c7f7c38bb953a950c2dbd9e5a5e0#rd,2024-06-02 13:48:41
1,一位小升初摇号失败的家长深夜给我发来一段话,http://mp.weixin.qq.com/s?__biz=MzkwMDY2NzIxNQ==&mid=2247485998&idx=1&sn=dab6d9ab63d8c40624358b9c545375cc&chksm=c041c80ef736411846e67896a1edeb90fcedbf7389e4591cb9175900cc7f08877d2fb8d29303#rd,2024-06-01 18:46:21
2,中考在即！英语“回答问题”究竟怎样才算回答了问题？,http://mp.weixin.qq.com/s?__biz=MzkwMDY2NzIxNQ==&mid=2247485985&idx=1&sn=78462ecf718ce36ec1e09dd62aabf5c0&chksm=c041c801f73641172665ffcf00f353d024a4890c77184917ca92c021a82b35ea9c2b6aac7064#rd,2024-05-31 13:39:04
3,2024年四校八大自招名额还剩几个？,http://mp.weixin.qq.com/s?__biz=MzkwMDY2NzIxNQ==&mid=2247485974&idx=1&sn=77ed4985fb9dc7a80b387e2ea1bc3bb7&chksm=c041c836f7364120412d8b8e595fcbe1fb23d347eaea896040a8f1e6df10e885e2788adeb9cf#rd,2024-05-30 13:36:35
4,有位家长说“哥哥花了很多时间学小奥，到了初中发现用不上！”,http://mp.weixin.qq.com/s?__biz=MzkwMDY2NzIxNQ==&mid=2247485953&idx=1&sn=ec5e2c340538c859359f1bd42a1af45d&chksm=c041c821f736413735cbac3e59a4f8a84a6e4b85db247d28dd9b40f65a61afbc68ff4866241c#rd,2024-05-29 15:26:00
5,与某四校校长聊了一会儿,http://mp.weixin.qq.com/s?__biz=MzkwMDY2NzIxNQ==&mid=2247485941&idx=1&sn=f7cb7693df885257844deae60850c9cc&chksm=c041cbd5f73642c3f401c1e0f7628df3afb6f86f99f3af12165f63e9ccc71b91ab55797946a0#rd,2024-05-28 14:12:47
6,天天鸡娃，就不能干点别的事？,http://mp.weixin.qq.com/s?__biz=MzkwMDY2NzIxNQ==&mid=2247485930&idx=1&sn=75b7b5d6a02c6bf9037283699eb88114&chksm=c041cbcaf73642dc55fa430288f4bb89278ab544e18a6bd4cd696626343678e79c8b176a687e#rd,2024-05-26 14:23:38
7,教材改版在即，中考英语“首字母”题型会消失？,http://mp.weixin.qq.com/s?__biz=MzkwMDY2NzIxNQ==&mid=2247485918&idx=1&sn=55a143b25021f48920e5e75df344d911&chksm=c041cbfef73642e8aa5cfbc7a3fbb8e2cf381d35789b4ab5de0f5933cfff8486d17dd241bc93#rd,2024-05-23 12:55:14
8,别人说的牛娃与你听到的不一样,http://mp.weixin.qq.com/s?__biz=MzkwMDY2NzIxNQ==&mid=2247485905&idx=1&sn=ea0198d4735f0be7e853732df4e2adbc&chksm=c041cbf1f73642e73d2f27a6f881a5f642fb4628ba1ccacf31516f2d001466e3f95a1cac44b3#rd,2024-05-22 13:12:41
9,要不要跟华育8班优秀的学生比一比？比就比！,http://mp.weixin.qq.com/s?__biz=MzkwMDY2NzIxNQ==&mid=2247485848&idx=1&sn=8d663e8078d18a2c9be1c60b4ffec4a2&chksm=c041cbb8f73642ae72d2226e4b50b84c42eac2a7db1cdba6ea1246ef5526381bd5b85025d4f2#rd,2024-05-21 15:32:23
10,竞赛学习中道崩阻，不过我还是考上了复旦！可是很累,http://mp.weixin.qq.com/s?__biz=MzkwMDY2NzIxNQ==&mid=2247485801&idx=1&sn=bbd3fbed563026ba7378174b3b80d1e5&chksm=c041cb49f736425f8961057e609f4d189aca220c6780c9adba277d50beb7a7e45eb28cb8c573#rd,2024-05-19 00:49:15
11,上外附中一道数学题，爆出了一个学生很隐蔽的糟糕习惯,http://mp.weixin.qq.com/s?__biz=MzkwMDY2NzIxNQ==&mid=2247485795&idx=1&sn=4627de57412dcbf2c0dd26b50043a390&chksm=c041cb43f73642558e895a04f9608f6d8140fd824c48754cd66adc2ea1d3ad49fd508018a765#rd,2024-05-18 04:14:54
12,带娃看美术展，随手给7号绘制了一副印象派近照,http://mp.weixin.qq.com/s?__biz=MzkwMDY2NzIxNQ==&mid=2247485748&idx=1&sn=f4eec86d185afc48500a5b0c4d4d127b&chksm=c041cb14f73642024a696e7dc56bb4f2d999d7dbdbb9557e5969bdb06704d2c7c9e55fd6fb8c#rd,2024-05-17 01:29:36
13,群主（7号）暂时换不了，再次开放家长群！,http://mp.weixin.qq.com/s?__biz=MzkwMDY2NzIxNQ==&mid=2247485718&idx=2&sn=859a7eff21bf5c61cab394b3ba0518bb&chksm=c041cb36f7364220d5fa634b635b97bca2a8ad9ae3f490ff8f18ad3726c535f47f91a19bb782#rd,2024-05-16 11:51:40
14,逆反的小孩背后，都有一对教育方法不当的父母,http://mp.weixin.qq.com/s?__biz=MzkwMDY2NzIxNQ==&mid=2247485684&idx=1&sn=8cd1a33944c84482e6da36424453e591&chksm=c041cad4f73643c210cc1b336c1a82a873923aa7b19566f9b2ec2b7a572cfa6e5f42c96a83c1#rd,2024-05-15 00:23:58
15,限“妈妈们”看 · 课外培训报班指南,http://mp.weixin.qq.com/s?__biz=MzkwMDY2NzIxNQ==&mid=2247485665&idx=1&sn=2e66dbacc3d2c09b05f9064bdef0453b&chksm=c041cac1f73643d716035b7186a30ba6293c2fa158c75882d9bcf60fbbec287c75ce1bafb18a#rd,2024-05-14 14:34:18
16,四校八大老师哭了：我把数学144+的学生教成不及格！,http://mp.weixin.qq.com/s?__biz=MzkwMDY2NzIxNQ==&mid=2247485598&idx=1&sn=9e9a37e1654c7815fde98fce6c2bb57e&chksm=c041cabef73643a84322d25630783032369f4168510e1b7f900f9b475e9e4a66e9828983308e#rd,2024-05-13 02:08:35
17,蒲主任，你小孩已被四校预录取,http://mp.weixin.qq.com/s?__biz=MzkwMDY2NzIxNQ==&mid=2247485589&idx=1&sn=ee6e4367e4acb09a7867ae64fa409a3e&chksm=c041cab5f73643a3c08a25f97ae9c3d6dbbdee373c9a68ed54a5563ee3f34e21781b3a6aee47#rd,2024-05-12 04:55:19
18,停更几日，我要去恋爱,http://mp.weixin.qq.com/s?__biz=MzkwMDY2NzIxNQ==&mid=2247485571&idx=1&sn=c938a4164e9160f7da128211614131fc&chksm=c041caa3f73643b5c4d537c9e2e3ce1b7b042cb9f699bde7d8a046471fce0fe902c80036da1d#rd,2024-05-11 12:52:01
19,“普高&区重”徘徊的学生，非智商性提高30分！,http://mp.weixin.qq.com/s?__biz=MzkwMDY2NzIxNQ==&mid=2247485565&idx=1&sn=68c03b3fcd0615e3dfa9982d6fb032a3&chksm=c041ca5df736434b82066bf7084730a6742c61d8b51703ad4e111e6900dd940f44657fd62b5e#rd,2024-05-10 16:48:29
20,感动遇到了一群美丽的妈妈们，一定要见一见！,http://mp.weixin.qq.com/s?__biz=MzkwMDY2NzIxNQ==&mid=2247485558&idx=1&sn=9531ba68d6eb009f3613ac8fb565da5e&chksm=c041ca56f7364340aa051f7d6921c3059e3017c51c92bf7e2bfd1dd1a7e3e172b6092513ca6f#rd,2024-05-09 12:33:17
21,家长白皮书——小学奥数学习要适可而止，止在哪里？,http://mp.weixin.qq.com/s?__biz=MzkwMDY2NzIxNQ==&mid=2247485544&idx=1&sn=e2e9f43259c74497d95ec7da456c72ac&chksm=c041ca48f736435e2bfe7289a3d79454580b0218f55000a6510cf403bc053732faa0a960aa03#rd,2024-05-08 16:40:51
22,酥校长已阅·上海初中数学教辅（自招类）深度点评,http://mp.weixin.qq.com/s?__biz=MzkwMDY2NzIxNQ==&mid=2247485506&idx=1&sn=69e8c60a76c9225a52b967bc5c167216&chksm=c041ca62f7364374ea703889e771814183688a174ebbc5776ea28883fa36705fa1f4e87bb860#rd,2024-05-07 02:35:14
23,博&蒲主任批示·上海初中数学教辅（统考类）深度点评,http://mp.weixin.qq.com/s?__biz=MzkwMDY2NzIxNQ==&mid=2247485405&idx=1&sn=9de61e48b9519aaa96df83c886cac736&chksm=c041c5fdf7364ceb5b07588b9437b80faf1228c5870a927cdd6ffa24ba64bc39ad823019b2c3#rd,2024-05-06 03:15:35
24,“菜中”才会出现初二分水岭现象,http://mp.weixin.qq.com/s?__biz=MzkwMDY2NzIxNQ==&mid=2247485391&idx=1&sn=8bf500a4c80ff5e034cb0f830e0280d3&chksm=c041c5eff7364cf93822480fe081024c60aa94f52a7ce08564cab907683188abb4df546200d9#rd,2024-05-05 12:51:14
25,从“格致中学VS曹杨二中”谈中考择校,http://mp.weixin.qq.com/s?__biz=MzkwMDY2NzIxNQ==&mid=2247485376&idx=1&sn=268bf0869417410ad3409525812da344&chksm=c041c5e0f7364cf629a7984228d639a006dd3bbd29d7f2b8a5eb28990b140621bf76bff315df#rd,2024-05-04 15:12:28
26,Myseven Sciences揭示“手指长度比例”与“智商高低”的强相关性,http://mp.weixin.qq.com/s?__biz=MzkwMDY2NzIxNQ==&mid=2247485275&idx=1&sn=59e760707240050934fa90081d12c1b1&chksm=c041c57bf7364c6d90e416cdc88767d362f31fae1ad0e1ceb99c516681ce68f3c3dd4bd46265#rd,2024-05-02 16:23:04
27,有志自招进“四校”的娃，请进！,http://mp.weixin.qq.com/s?__biz=MzkwMDY2NzIxNQ==&mid=2247485185&idx=1&sn=82d61bdcbef4c1d0095a4b682b705e51&chksm=c041c521f7364c375afa5c829dcf58e49b7289198962578a88410b604f4ba2452f0609943322#rd,2024-05-01 17:09:40
28,碰到不会的作业题怎么办？瞎辅导不如不辅导！,http://mp.weixin.qq.com/s?__biz=MzkwMDY2NzIxNQ==&mid=2247485114&idx=1&sn=f2d4c5db520f0f1f2fec5c4a0dceb6c6&chksm=c041c49af7364d8c1388777bc6bb6a61765f33191505b17ac7c63b633581de4afe9ae4840d32#rd,2024-04-30 16:38:27
29,牛娃请进,http://mp.weixin.qq.com/s?__biz=MzkwMDY2NzIxNQ==&mid=2247485098&idx=1&sn=0d74a3a38e4f5491bca318f2785cc4fc&chksm=c041c48af7364d9cabde299dc2941d7ab586296fde1bba5b4aa3628556715e7a52366e49ed39#rd,2024-04-29 00:00:22
30,“死记硬背”可以拯救数学不开窍的学生！——记清北名师的一次实验,http://mp.weixin.qq.com/s?__biz=MzkwMDY2NzIxNQ==&mid=2247485087&idx=1&sn=2f970c051ab9f852d000b09817a0b9ee&chksm=c041c4bff7364da95d3138e8eaac7e135de172a8c6cb203ef9452323f57de541fe82fcd4d274#rd,2024-04-28 00:00:41
31,“轻度ADHD+高敏感”女娃家长的自我救赎,http://mp.weixin.qq.com/s?__biz=MzkwMDY2NzIxNQ==&mid=2247485071&idx=1&sn=6d231cabe489fc3a2589991242cf5fd7&chksm=c041c4aff7364db9545e49e54a409049246cdc69917b8384e627dd72e29268db90cd5ecb652e#rd,2024-04-26 23:30:35
32,（大白话）解读上海2024版中考政策,http://mp.weixin.qq.com/s?__biz=MzkwMDY2NzIxNQ==&mid=2247485035&idx=1&sn=fdb9a6398e28a1cb0e1f5b28834385e9&chksm=c041c44bf7364d5d6b002e408d03f9820ba7b0ede7066dca265622bd4f7df9e34126a325b4ed#rd,2024-04-26 11:30:37
33,老师，单词到底怎么背啊？问，就是背了也白背,http://mp.weixin.qq.com/s?__biz=MzkwMDY2NzIxNQ==&mid=2247484977&idx=1&sn=47f8e98849af6327f1628b3653f37508&chksm=c041c411f7364d076a541fe2488fb15db1802d051df6348a12b386360c6f0d8bc0385ef69ef5#rd,2024-04-25 00:36:33
34,嫂：让乐乐摇号兰生！,http://mp.weixin.qq.com/s?__biz=MzkwMDY2NzIxNQ==&mid=2247484965&idx=1&sn=d466edc97c1cb88a1066fed8a73b35ac&chksm=c041c405f7364d1312df5b7e2f00855d95573f71c0d66c581ede0a4da9c8ee3a047c23a3bbc3#rd,2024-04-24 17:32:45
35,数学竞赛走不通，转轨化学竞赛？,http://mp.weixin.qq.com/s?__biz=MzkwMDY2NzIxNQ==&mid=2247484958&idx=1&sn=07b867cc7042d67061bcca30cd16cff0&chksm=c041c43ef7364d28a35a33437c18d87c18e7dc3b6e2c272f2db0f251ede7bdbf6db60fe63b8a#rd,2024-04-23 13:16:54
36,中考压轴题难度足够你应对四校分校&八大的自主招生,http://mp.weixin.qq.com/s?__biz=MzkwMDY2NzIxNQ==&mid=2247484941&idx=1&sn=5abadcbbc73064ad246fe8158395bd49&chksm=c041c42df7364d3b1c65d67fd689fd5f3d79beba052d10020b69c1793f1519e71d825fa02530#rd,2024-04-22 14:52:39
37,曾获得三公面单的6000多位家长，给下几届家长指条路！,http://mp.weixin.qq.com/s?__biz=MzkwMDY2NzIxNQ==&mid=2247484935&idx=1&sn=9d2da35484e8768d543b5205f7279fe4&chksm=c041c427f7364d316030bfb4a219202924b2ba757c2afff76a37715c59ddcafdf1e43d75a8f7#rd,2024-04-21 13:19:14
38,高考数学140分+，就可破格录取985高校？,http://mp.weixin.qq.com/s?__biz=MzkwMDY2NzIxNQ==&mid=2247484923&idx=1&sn=b23e795b5b3fd4ba53e1401c4e80324c&chksm=c041c7dbf7364ecde7e3772a2fe827da2780d4ef2c453f35f9c37330e1bf07c803c8e8b87615#rd,2024-04-19 13:33:16
39,姐：不要让贝贝摇号华育！,http://mp.weixin.qq.com/s?__biz=MzkwMDY2NzIxNQ==&mid=2247484896&idx=1&sn=026249ee34fc7f4731e6865ca1958dbd&chksm=c041c7c0f7364ed63c5298282f4ab7eb453b1001f22c9a2bf4cfb0df628f42546de90d873b91#rd,2024-04-17 13:46:58
40,这些类型的补课都没有用,http://mp.weixin.qq.com/s?__biz=MzkwMDY2NzIxNQ==&mid=2247484881&idx=1&sn=9815a239bb77407108e4f6f96e51cdad&chksm=c041c7f1f7364ee7b380d9c94d5b57e0f33577307f43cbee5a804f7a5086cd00171e317ecea5#rd,2024-04-16 13:52:47
41,小升初摇号后，四校八大的自招生源哪里来？,http://mp.weixin.qq.com/s?__biz=MzkwMDY2NzIxNQ==&mid=2247484880&idx=1&sn=2dc7e775119e4a5e42ef6f31c8a1a6f7&chksm=c041c7f0f7364ee6df3b4f4b594d16a3a210fdf8089a767f3e12bdae7d1ec98acf4eae912588#rd,2024-04-15 18:35:09
42,以“中考数学140分”为目标，倒推初中如何学习数学？,http://mp.weixin.qq.com/s?__biz=MzkwMDY2NzIxNQ==&mid=2247484828&idx=1&sn=e33ef3fe25a47137538043b90d4b6427&chksm=c041c7bcf7364eaaa8483ec0274b9ef4d9cb5974a6f9aee4c48aa413abbec693c3fa63f3d812#rd,2024-04-13 19:13:05
43,初中物理应该什么时候开始学？——针对数学排位2000-12000的初中生,http://mp.weixin.qq.com/s?__biz=MzkwMDY2NzIxNQ==&mid=2247484826&idx=1&sn=5a3fa7603e575456670d158e6c48ff0d&chksm=c041c7baf7364eacb73ded503cb8b6f4ba45a0b57fd2b3e88c7f65cc7b8533eb45d0766e39fd#rd,2024-04-12 13:53:41
44,全网首次披露——“上实”初升高90%直升率的背后！,http://mp.weixin.qq.com/s?__biz=MzkwMDY2NzIxNQ==&mid=2247484790&idx=1&sn=14a9b2d26decd1e7eba2365f543e2119&chksm=c041c756f7364e40fb5df60f68ad6763c6207a46a1b6c55e813410dab449f0285ef52c401c56#rd,2024-04-10 19:14:44
45,2000-12000名排位的初中生如何规划数学学习路径,http://mp.weixin.qq.com/s?__biz=MzkwMDY2NzIxNQ==&mid=2247484745&idx=1&sn=916ff361c0c02370c3e095b89ec22533&chksm=c041c769f7364e7fe88fa483a01744f51df16778b55d628c342b6acddecc43b388168b6eef27#rd,2024-04-09 19:11:57
46,华育、兰生哪里得罪你了？,http://mp.weixin.qq.com/s?__biz=MzkwMDY2NzIxNQ==&mid=2247484705&idx=1&sn=82c697fe94e4147f7da22ba544f15089&chksm=c041c701f7364e1764e1afe3bcbc9e91c5c222e0ec36359cc079997a93d9196d3f4cb259b528#rd,2024-04-07 18:41:41
47,没有竞赛证书？没事！手把手教你写一份诱人的择校简历,http://mp.weixin.qq.com/s?__biz=MzkwMDY2NzIxNQ==&mid=2247484702&idx=1&sn=8750fa2c1233a44a129f9f3611ca2ded&chksm=c041c73ef7364e2893fc212a35f86923ee550815b8891c19d30acf3ee58b4bace641de490a9e#rd,2024-04-05 23:29:44
48,“上外附中”已不再是原来那个上外附中了！,http://mp.weixin.qq.com/s?__biz=MzkwMDY2NzIxNQ==&mid=2247484645&idx=1&sn=f0fbeecbc24ec063ae37d9f6b9448bb9&chksm=c041c6c5f7364fd33ee1e219c70144f96722036fa08c3ac79f3c1799c62daf420799c41790af#rd,2024-04-01 23:09:54
49,华二高一同学的“国际小学+华育+华二+竞赛保送清北”回忆录,http://mp.weixin.qq.com/s?__biz=MzkwMDY2NzIxNQ==&mid=2247484604&idx=1&sn=31702abdc2d9aea2a6ab57417057c55f&chksm=c041c69cf7364f8af3e9389ea4886f0d466c67c429316a3ac4d19604d0068799e4f76778aa87#rd,2024-03-31 21:05:30
,title,link,create_time
0,对于部分初中同学，“生物竞赛”是一条捷径！,http://mp.weixin.qq.com/s?__biz=MzkwMDY2NzIxNQ==&mid=2247484553&idx=1&sn=aa56ded248f2064f4f9bbe1cd956e84a&chksm=c041c6a9f7364fbf3da72c7f84553c226aa114eb8ce92e366bbddce94038e0b7f9c6a0e90bf1#rd,2024-03-30 23:15:10
1,学有余力的初中生，是深入拓展初中内容？还是提前学习高中内容？,http://mp.weixin.qq.com/s?__biz=MzkwMDY2NzIxNQ==&mid=2247484538&idx=1&sn=a821faec8d8fa10b793b38020369c2ff&chksm=c041c65af7364f4c4f1e65942a8674ba0a47ae80b28115178d32d9919fa27b597100ce994062#rd,2024-03-29 23:44:14
2,上海哪些年级要更换教材？及对“变更内容”最全面的猜测与解读,http://mp.weixin.qq.com/s?__biz=MzkwMDY2NzIxNQ==&mid=2247484497&idx=1&sn=363c6b3f46b07cfcc809b8c1122f0ade&chksm=c041c671f7364f67b22ae490b863e1b8ae624c39ec628a1710c7a068d9dd248ce38cd70636fc#rd,2024-03-28 23:37:25
3,捡漏“四校八大”，原来最大的“漏”在这里！,http://mp.weixin.qq.com/s?__biz=MzkwMDY2NzIxNQ==&mid=2247484470&idx=1&sn=b6bef3f828c82c4df9d5cbfc775e19db&chksm=c041c616f7364f00f91aa4b430dc496f443223f25232e159159b09b98979ad9a92dcf9fda35f#rd,2024-03-27 23:03:10
4,网传华二丘班选拔真题 太假了,http://mp.weixin.qq.com/s?__biz=MzkwMDY2NzIxNQ==&mid=2247484434&idx=1&sn=f188e623f693c2f69f6b6239fd72e211&chksm=c041c632f7364f24d9eb24877e308ba2311500c591c5ace9d4fe3ccd033d124a9b72a3f9ecbd#rd,2024-03-26 23:24:28
5,“书写格式”对成绩的影响远远超过你的想象,http://mp.weixin.qq.com/s?__biz=MzkwMDY2NzIxNQ==&mid=2247484257&idx=1&sn=07cdb2cceab72d635e29fffd87e1bba5&chksm=c041c141f73648579f7228faa053ada4bafabba4e0cca4d5eea83da218a970116a06dedb802b#rd,2024-03-24 23:18:30
6,5000字深度解析——上海中考新政后的“自主招生”,http://mp.weixin.qq.com/s?__biz=MzkwMDY2NzIxNQ==&mid=2247484109&idx=1&sn=154ea37f193447e989b541c5c1611928&chksm=c041c0edf73649fb21c838999647edee1c3475e144dd891aeecc18f64134b4c15d8b259e35ae#rd,2024-03-23 22:57:47
7,我不太认同各类自媒体上有关升学数据的详尽统计与分析,http://mp.weixin.qq.com/s?__biz=MzkwMDY2NzIxNQ==&mid=2247483903&idx=1&sn=ef56619e9b883cdcccda10ed787cfb71&chksm=c041c3dff7364ac91c06b41ef43a3e1c9b38ccce618f8ecf0b7943c92330eb9fbf3b53144b57#rd,2024-03-22 00:12:45
